No,Location Name,Latitude,Longitude,order sizes,Dist from warehouse,,Some specifications,,
1,Warehouse,19.02347,72.842688,0,0,,Max dist from ware house: 28.162 km,,
2,Croma                                ,19.18561272,72.95417528,8,0.773834776,,Min dist from ware house: 0.16 km,,
3,IIT Bombay,19.13768835,72.92279582,15,5.48893574,,Max dist between any 2 locations: 37.62 km,,
4,R Mall,19.1858468,72.95229922,16,0.679827425,,,,
5,Apex Hospitals,19.18317168,72.93024074,14,2.018285842,,,,
6,Mathosree Gangubai,19.18592786,72.93848048,5,1.281576604,,,,
7,VG Vaze College,19.16809295,72.94800769,1,1.373684075,,,,
8,Fortis Hospital ,19.16314747,72.94423114,4,1.985684631,,,,
9,Asian Banquets,19.16039091,72.9348756,18,2.684209268,,,,
10,Jainam Banquet,19.15560736,72.93453227,8,3.153900275,,,,
11,Cinepolis,19.14245938,72.9292225,9,4.701816482,,,,
12,Mahakali Caves,19.131711,72.88794199,6,8.405443202,,,,
13,D-Mart,19.12107254,72.90387559,11,8.120884293,,,,
14,Phoenix Market,19.09780526,72.88842195,9,11.16218991,,,,
15,Trident Hotel Bandra,19.07046288,72.8621548,17,15.23578373,,,,
16,Jio World Drive,19.05634782,72.85890295,19,16.70352042,,,,
17,Cubic Mall,19.04539192,72.90316665,12,15.71555356,,,,
18,123 ABC Road Goregaon West,19.114131,72.847353,17,12.98919465,,,,
19,"Tulsi Pipe Road, Near Dombivli Bridge, Dombivli East, Thane, Maharashtra 421201",19.042101,73.109486,4,22.77984036,,,,
20,"Plot No. 12, Sector 14, Vashi, Navi Mumbai, Maharashtra 400703",19.019158,72.902873,12,18.50788493,,,,
21,"Near Kanak Chowk, Ghatkopar (East), Mumbai, Maharashtra 400077",19.00559,72.878798,9,20.72575089,,,,
22,"D. N. Nagar, Near Shivaji Park, Dadar (West), Mumbai, Maharashtra 400028",18.944216,72.834914,14,28.78404813,,,,
23,"Near Bhandup Station, Bhandup (East), Mumbai, Maharashtra 400078",19.011495,72.896516,2,19.50699866,,,,
24,"Near Ghatkopar Station, Ghatkopar (West), Mumbai, Maharashtra 400077",19.005367,72.878721,17,20.7517025,,,,
25,"Near Jogeshwari Station, Jogeshwari (East), Mumbai, Maharashtra 400060",19.028356,72.852823,11,19.65507018,,,,
26,"Near Andheri Station, Andheri (East), Mumbai, Maharashtra 400053",19.045016,72.854416,2,18.00681878,,,,
27,"Near Vile Parle Station, Vile Parle (East), Mumbai, Maharashtra 400057",19.041302,72.863628,5,17.84223139,,,,
28,"Near Grant Road Station, Grant Road, Mumbai, Maharashtra 400001",18.948617,72.838366,13,28.1898488,,,,
29,"Near Dadar Station, Dadar (West), Mumbai, Maharashtra 400028",18.944159,72.834947,9,28.78832976,,,,
30,"Near Mahim Station, Mahim, Mumbai, Maharashtra 400016",18.954132,72.841858,3,27.48205443,,,,
31,"Near Bandra Station, Bandra (West), Mumbai, Maharashtra 400050",19.033976,72.848229,2,19.38551816,,,,
32,"Near Khar Station, Khar (West), Mumbai, Maharashtra 400052",19.040095,72.850449,12,18.69169003,,,,
33,"Near Santacruz Station, Santacruz (East), Mumbai, Maharashtra 400054",19.047331,72.856981,3,17.64412576,,,,
34,"Near Chembur Station, Chembur, Mumbai, Maharashtra 400071",19.022592,72.881227,8,18.88162627,,,,
35,"Near Kurla Station, Kurla (West), Mumbai, Maharashtra 400070",19.015279,72.884708,18,19.50271482,,,,
36,"Near Tilak Nagar Station, Tilak Nagar, Mumbai, Maharashtra 400077",19.008474,72.893147,8,19.92990875,,,,
37,"Near Ghatkopar Bus Depot, Ghatkopar (West), Mumbai, Maharashtra 400077",19.005433,72.87877,18,20.74303584,,,,
38,"Near Jogeshwari Bus Depot, Jogeshwari (East), Mumbai, Maharashtra 400060",19.028377,72.852841,17,19.65210132,,,,
39,"Near Andheri Bus Depot, Andheri (East), Mumbai, Maharashtra 400053",19.045046,72.854431,11,18.00317927,,,,
40,"123, ABC Road, Dadar West, Mumbai,
Maharashtra 400028",19.022518,72.833196,1,21.32287948,,,,
41,"456, XYZ Road, Dadar East, Mumbai, Maharashtra 400014",19.020558,72.831363,4,21.61125953,,,,
42,"789, DEF Road, Dadar Parsi Colony, Dadar West, Mumbai, Maharashtra 400028",19.023258,72.833825,2,21.21781171,,,,
43,"1011, MNO Road, Dadar, Mumbai, Maharashtra 400014",19.021288,72.832093,6,21.50099285,,,,
44,"1112, PQR Road, Dadar, Mumbai, Maharashtra 400014",19.021018,72.831823,18,21.54177491,,,,
45,"1213, STU Road, Dadar Parsi Colony, Dadar West, Mumbai, Maharashtra 400028",19.023088,72.833655,3,21.24348452,,,,
46,"1314, VWX Road, Dadar Parsi Colony, Dadar West, Mumbai, Maharashtra 400028",19.023338,72.833905,4,21.20573064,,,,
47,"1415, YZ1 Road, Dadar",19.022698,72.833363,11,21.29647886,,,,
48,"123, ABC
Road, Powai, Mumbai,
Maharasht ra 400070",19.025623,72.837068,2,20.80819925,,,,
49,"456, XYZ
Road, Powai, Mumbai,
Maharasht ra 400070",19.025881,72.837295,14,20.77112593,,,,
50,"789, DEF
Road, Powai, Mumbai,
Maharasht ra 400070",19.026139,72.837522,2,20.73405321,,,,
51,"1011, MNO
Road, Powai, Mumbai,
Maharasht ra 400070",19.026397,72.837749,16,20.6969811,,,,
52,"1112, PQR
Road, Powai, Mumbai,
Maharasht
ra 400070",19.026655,72.837976,8,20.6599096,,,,
53,"1213, STU
Road, Powai, Mumbai,
Maharasht ra 400070",19.026913,72.838203,14,20.62283872,,,,
54,"1314, VWX
Road, Powai, Mumbai,
Maharasht ra 400070",19.027171,72.83843,14,20.58576846,,,,
55,"1415, YZ1
Road, Powai, Mumbai,
Maharasht ra 400070",19.027429,72.838657,15,20.54869882,,,,
56,"1516, YZ2
Road, Powai, Mumbai,
Maharasht ra 400070",19.027687,72.838884,2,20.5116298,,,,
57,"1617, YZ3
Road, Powai, Mumbai,
Maharasht ra 400070",19.027945,72.839111,14,20.47456142,,,,
58,"1718, YZ4
Road, Powai, Mumbai,
Maharashtra 400070",19.028203,72.839338,18,20.43749367,,,,
59,"1819, YZ5
Road, Powai, Mumbai,
Maharasht ra 400070",19.028461,72.839565,1,20.40042656,,,,
60,"1920, YZ6
Road, Powai, Mumbai,
Maharasht ra 400070",19.028719,72.839792,6,20.36336008,,,,
61,"2021, YZ7
Road, Powai, Mumbai,
Maharasht ra 400070",19.028977,72.840019,17,20.32629425,,,,
62,"2122, YZ8
Road, Powai, Mumbai,
Maharasht ra 400070",19.029235,72.840246,20,20.28922907,,,,
63,"2223, YZ9
Road, Powai, Mumbai,
Maharasht ra 400070",19.029493,72.840473,3,20.25216453,,,,
64,"123, ABC
Road, Sion East, Mumbai, Maharasht ra 400022",19.022179,72.833,7,21.36546111,,,,
65,"456, XYZ
Road, Sion East, Mumbai, Maharasht ra 400022",19.022437,72.833228,15,21.32830569,,,,
66,"789, DEF
Road, Sion East, Mumbai, Maharasht ra 400022",19.022695,72.833456,5,21.29115082,,,,
67,"1011, MNO
Road, Sion East, Mumbai, Maharasht ra 400022",19.022953,72.833684,14,21.2539965,,,,
68,"1112, PQR
Road, Sion East, Mumbai, Maharasht ra 400022",19.023211,72.833912,10,21.21684273,,,,
69,"1213, STU
Road, Sion East, Mumbai, Maharasht ra 400022",19.023469,72.83414,17,21.17968951,,,,
70,"1314, VWX
Road, Sion East, Mumbai, Maharasht ra 400022",19.023727,72.834368,3,21.14253684,,,,
71,"1415, YZ1
Road, Sion East, Mumbai, Maharasht ra 400022",19.023985,72.834596,13,21.10538473,,,,
72,"1516, YZ2
Road, Sion East, Mumbai, Maharasht ra 400022",19.024243,72.834824,2,21.06823318,,,,
73,"1617, YZ3
Road, Sion East, Mumbai, Maharasht ra 400022",19.024501,72.835052,15,21.0310822,,,,
74,"1718, YZ4
Road, Sion East, Mumbai, Maharashtra 400022",19.024759,72.83528,3,20.99393178,,,,
75,"1819, YZ5
Road, Sion East, Mumbai, Maharasht ra 400022",19.025017,72.835508,6,20.95678193,,,,
76,"1920, YZ6
Road, Sion East, Mumbai, Maharasht ra 400022",19.025275,72.835736,7,20.91963265,,,,
77,"2021, YZ7
Road, Sion East, Mumbai, Maharasht ra 400022",19.025533,72.835964,15,20.88248394,,,,
78,"2122, YZ8
Road, Sion East, Mumbai, Maharasht ra 400022",19.025791,72.836192,20,20.84533582,,,,
79,"2223, YZ9
Road, Sion East, Mumbai, Maharasht ra 400022",19.026049,72.83642,10,20.80818827,,,,
80,"2324, YZ10
Road,",19.026307,72.836648,14,20.77104131,,,,
81,"101, Hill Road, Malad (West), Mumbai,
Maharashtra 400064",19.076924,72.845999,14,15.78766223,,,,
82,"202, Hill Road, Malad (West), Mumbai,
Maharashtra 400064",19.076924,72.845999,15,15.78766223,,,,
83,"303, Hill Road, Malad (West), Mumbai,
Maharashtra 400064",19.076924,72.845999,2,15.78766223,,,,
84,"404, Hill Road, Malad (West), Mumbai,
Maharashtra 400064",19.076924,72.845999,6,15.78766223,,,,
85,"505, Hill Road, Malad (West), Mumbai,
Maharashtra 400064",19.076924,72.845999,20,15.78766223,,,,
86,"606, Hill Road, Malad (West), Mumbai,
Maharashtra 400064",19.076924,72.845999,2,15.78766223,,,,
87,"707, Hill Road, Malad (West), Mumbai,
Maharashtra 400064",19.076924,72.845999,20,15.78766223,,,,
88,"808, Hill Road, Malad (West), Mumbai,
Maharashtra 400064",19.076924,72.845999,3,15.78766223,,,,
89,"909, Hill Road, Malad (West), Mumbai,
Maharashtra 400064",19.076924,72.845999,19,15.78766223,,,,
90,"10010, Hill Road, Malad (West), Mumbai,
Maharashtra 400064",19.076924,72.845999,14,15.78766223,,,,
91,"11011, Hill Road, Malad (West), Mumbai,
Maharashtra 400064",19.076924,72.845999,13,15.78766223,,,,
92,"12012, Hill Road, Malad (West), Mumbai,
Maharashtra 400064",19.076924,72.845999,4,15.78766223,,,,
93,"13013, Hill Road, Malad (West), Mumbai,
Maharashtra 400064",19.076924,72.845999,12,15.78766223,,,,
94,"14014, Hill Road, Malad (West), Mumbai,
Maharashtra 400064",19.076924,72.845999,6,15.78766223,,,,
95,"15015, Hill Road, Malad (West), Mumbai,
Maharashtra 400064",19.076924,72.845999,12,15.78766223,,,,
96,"16016, Hill Road, Malad (West), Mumbai,
Maharashtra 400064",19.076924,72.845999,7,15.78766223,,,,
97,"17017, Hill Road, Malad (West), Mumbai,
Maharashtra 400064",19.076924,72.845999,11,15.78766223,,,,
98,"18018, Hill Road, Malad (West), Mumbai,",19.076924,72.845999,13,15.78766223,,,,
99,"19019, Hill Road, Malad (West), Mumbai,
Maharashtra 400064",19.076924,72.845999,18,15.78766223,,,,
100,"20020, Hill Road, Malad (West), Mumbai,
Maharashtra 400064",19.076924,72.845999,10,15.78766223,,,,
101,"101, Altamount Road, Malabar Hill, Mumbai, Maharashtra 400006",19.075599,72.827522,5,17.28105163,,,,
102,"21, Bhulabhai Desai Road, Worli, Mumbai,
Maharashtra 400018",19.071538,72.833008,18,17.17056145,,,,
103,"301, Worli Seaface, Worli, Mumbai, Maharashtra 400018",19.070947,72.832336,12,17.26685415,,,,
104,"401, Worli Seaface, Worli, Mumbai, Maharashtra 400018",19.070947,72.832336,7,17.26685415,,,,
105,"501, Worli Seaface, Worli, Mumbai, Maharashtra 400018",19.070947,72.832336,10,17.26685415,,,,
106,"601, Worli Seaface, Worli, Mumbai, Maharashtra 400018",19.070947,72.832336,3,17.26685415,,,,
107,"701, Worli Seaface, Worli, Mumbai, Maharashtra 400018",19.070947,72.832336,18,17.26685415,,,,
108,"801, Worli Seaface, Worli, Mumbai, Maharashtra 400018",19.070947,72.832336,2,17.26685415,,,,
109,"1001, Worli Seaface, Worli, Mumbai, Maharashtra 400018",19.070947,72.832336,7,17.26685415,,,,
110,"11, Carmichael Road, Cumbala Hill, Mumbai, Maharashtra 400007",19.075113,72.827332,4,17.3320272,,,,
111,"12, Carmichael Road, Cumbala Hill, Mumbai, Maharashtra 400007",19.075113,72.827332,18,17.3320272,,,,
112,"13, Carmichael Road, Cumbala Hill, Mumbai, Maharashtra 400007",19.075113,72.827332,8,17.3320272,,,,
113,"14, Carmichael Road, Cumbala Hill, Mumbai, Maharashtra 400007",19.075113,72.827332,17,17.3320272,,,,
114,"15, Carmichael Road, Cumbala Hill, Mumbai, Maharashtra 400007",19.075113,72.827332,10,17.3320272,,,,
115,"16, Carmichael Road, Cumbala Hill, Mumbai, Maharashtra 400007",19.075113,72.827332,16,17.3320272,,,,
116,"17, Carmichael Road, Cumbala Hill, Mumbai, Maharashtra 400007",19.075113,72.827332,7,17.3320272,,,,
117,"18, Carmichael Road, Cumbala Hill, Mumbai,",19.075113,72.827332,14,17.3320272,,,,
118,"Maharashtra 400007
19, Carmichael Road,Cumbala Hill, Mumbai, Maharashtra 400007",19.075113,72.827332,5,17.3320272,,,,
119,"20, Carmichael Road, Cumbala Hill, Mumbai, Maharashtra 400007",19.075113,72.827332,9,17.3320272,,,,
120,"101, Adarsh Nagar, Kandivali East, Mumbai, Maharashtra 400067",19.092281,72.852165,7,14.12447564,,,,
121,"21, Ashok Nagar, Kandivali East, Mumbai, Maharashtra 400067",19.090969,72.851292,16,14.29130795,,,,
122,"301, Bharat Nagar, Kandivali East, Mumbai, Maharashtra 400067",19.090089,72.850419,7,14.42504965,,,,
123,"401, Chakala, Kandivali East, Mumbai, Maharashtra 400067",19.088877,72.849546,11,14.58432051,,,,
124,"501, D.N Nagar, Kandivali East, Mumbai, Maharashtra 400067",19.087665,72.848673,11,14.74366471,,,,
125,"601, Evershine Nagar, Kandivali East, Mumbai, Maharashtra 400067",19.086453,72.847799,9,14.90315522,,,,
126,"701, Gokhale Nagar, Kandivali East, Mumbai, Maharashtra 400067",19.085241,72.846926,9,15.062639,,,,
127,"801, Hiranandani Gardens, Kandivali East, Mumbai,
Maharashtra 400067",19.084029,72.846053,18,15.22218938,,,,
128,"901, Irla, Kandivali East,
Mumbai, Maharashtra",19.082817,72.84518,8,15.38180431,,,,
129,"1001, J.V.PD Nagar,
Kandivali East, Mumbai, Maharashtra 400067",19.081605,72.844307,10,15.5414818,,,,
130,"11, Juhu Tara Road, Kandivali East, Mumbai, Maharashtra 400067",19.080393,72.843434,19,15.70121997,,,,
131,"12, Kasturba Nagar, Kandivali East, Mumbai, Maharashtra 400067",19.079181,72.842561,16,15.86101697,,,,
132,"13, Lokhandwala Complex, Kandivali East, Mumbai,
Maharashtra 400067",19.077969,72.841688,11,16.02087108,,,,
133,"14, Mahakali Caves Road, Kandivali East, Mumbai, Maharashtra 400067",19.076757,72.840815,14,16.1807806,,,,
134,"15, Mira Road, Kandivali East, Mumbai, Maharashtra 400067",19.075545,72.839942,4,16.34074392,,,,
135,"16, Oshiwara, Kandivali East, Mumbai, Maharashtra 400067",19.074333,72.839069,4,16.50075948,,,,
136,"17, Pali Hill, Kandivali East, Mumbai, Maharashtra 400067",19.073121,72.838196,2,16.66082579,,,,
137,"18, Poisar, Kandivali East, Mumbai, Maharashtra",19.071909,72.837323,12,16.82094142,,,,
138,"400067
19, Ram Mandir Road,Kandivali East, Mumbai, Maharashtra 400067",19.070697,72.836449,11,16.98117848,,,,
139,"20, Sahar Road, Kandivali East, Mumbai, Maharashtra 400067",19.069485,72.835576,17,17.1413885,,,,
140,"101, Gorai, Malad (East), Mumbai, Maharashtra 400064",19.114541,72.861059,13,11.79967621,,,,
141,"201, Gorai, Malad (East), Mumbai, Maharashtra 400064",19.113661,72.860186,17,11.9321205,,,,
142,"301, Gorai, Malad (East), Mumbai, Maharashtra 400064",19.112781,72.859313,2,12.06459718,,,,
143,"401, Gorai, Malad (East), Mumbai, Maharashtra 400064",19.111901,72.85844,8,12.19710519,,,,
144,"501, Gorai, Malad (East), Mumbai, Maharashtra 400064",19.111021,72.857567,2,12.32964354,,,,
145,"601, Gorai, Malad (East), Mumbai, Maharashtra 400064",19.110141,72.856694,5,12.46221127,,,,
146,"701, Gorai, Malad (East), Mumbai, Maharashtra 400064",19.109261,72.855821,5,12.59480746,,,,
147,"801, Gorai, Malad (East), Mumbai, Maharashtra 400064",19.108381,72.854948,5,12.72743124,,,,
148,"1001, Gorai, Malad (East), Mumbai, Maharashtra 400064",19.106621,72.853202,19,12.9927582,,,,
149,"11, Gorai, Malad (East), Mumbai, Maharashtra 400064",19.105741,72.852329,13,13.12545981,,,,
150,"12, Gorai, Malad (East), Mumbai, Maharashtra 400064",19.104861,72.851456,17,13.25818582,,,,
151,"13, Gorai, Malad (East), Mumbai, Maharashtra 400064",19.103981,72.850583,7,13.39093553,,,,
152,"14, Gorai, Malad (East), Mumbai, Maharashtra 400064",19.103101,72.84971,8,13.52370824,,,,
153,"15, Gorai, Malad (East), Mumbai, Maharashtra 400064",19.102221,72.848837,14,13.65650329,,,,
154,"16, Gorai, Malad (East), Mumbai, Maharashtra 400064",19.101341,72.847964,13,13.78932006,,,,
155,"17, Gorai, Malad (East), Mumbai, Maharashtra 400064",19.100461,72.847091,18,13.92215792,,,,
156,"18, Gorai, Malad (East), Mumbai, Maharashtra",19.099581,72.846218,8,14.05501628,,,,
157,"400064
19, Gorai, Malad (East),Mumbai, Maharashtra 400064",19.098701,72.845345,1,14.18789459,,,,
158,"20, Gorai, Malad (East), Mumbai, Maharashtra 400064",19.097821,72.844472,17,14.32079229,,,,
159,"101, Dongri, Mumbai,
Maharashtra 400009",19.019413,72.83583,8,21.45022696,,,,
160,"201, Dongri, Mumbai,
Maharashtra 400009",19.018531,72.834957,17,21.58248789,,,,
161,"301, Dongri, Mumbai,
Maharashtra 400009",19.017649,72.834084,16,21.71477135,,,,
162,"401, Dongri, Mumbai,
Maharashtra 400009",19.016767,72.833211,8,21.84707696,,,,
163,"501, Dongri, Mumbai,
Maharashtra 400009",19.015885,72.832338,9,21.97940431,,,,
164,"601, Dongri, Mumbai,
Maharashtra 400009",19.015003,72.831465,10,22.11175301,,,,
165,"701, Dongri, Mumbai,
Maharashtra 400009",19.014121,72.830592,4,22.24412271,,,,
166,"801, Dongri, Mumbai,
Maharashtra 400009",19.013239,72.829719,12,22.37651302,,,,
167,"901, Dongri, Mumbai,
Maharashtra 400009",19.012357,72.828846,18,22.50892359,,,,
168,"1001, Dongri, Mumbai,
Maharashtra 400009",19.011475,72.827973,2,22.64135407,,,,
169,"11, Dongri, Mumbai,",19.010593,72.827099,8,22.77386349,,,,
170,"12, Dongri, Mumbai,
Maharashtra 400009",19.009711,72.826226,19,22.90633286,,,,
171,"13, Dongri, Mumbai,
Maharashtra 400009",19.008829,72.825353,12,23.03882113,,,,
172,"14, Dongri, Mumbai,
Maharashtra 400009",19.007947,72.82448,9,23.17132799,,,,
173,"15, Dongri, Mumbai,
Maharashtra 400009",19.007065,72.823607,1,23.30385312,,,,
174,"16, Dongri, Mumbai,
Maharashtra 400009",19.006183,72.822734,1,23.43639623,,,,
175,"17, Dongri, Mumbai,
Maharashtra 400009",19.005301,72.821861,5,23.56895702,,,,
176,"18, Dongri, Mumbai,
Maharashtra 400009",19.004419,72.820988,2,23.70153519,,,,
177,"19, Dongri, Mumbai,
Maharashtra 400009",19.003537,72.820115,6,23.83413046,,,,
178,"20, Dongri, Mumbai,
Maharashtra 400009",19.002655,72.819242,8,23.96674255,,,,
179,"101, Bandra (East), Mumbai, Maharashtra 400050",19.026888,72.840484,12,20.49013388,,,,
180,"201, Bandra (East), Mumbai, Maharashtra 400050",19.025989,72.83961,4,20.62406901,,,,
181,"301, Bandra (East), Mumbai, Maharashtra 400050",19.02509,72.838737,12,20.7579661,,,,
182,"401, Bandra (East), Mumbai, Maharashtra 400050",19.024191,72.837864,14,20.89188351,,,,
183,"501, Bandra (East), Mumbai, Maharashtra 400050",19.023292,72.836991,2,21.02582085,,,,
184,"601, Bandra (East), Mumbai, Maharashtra 400050",19.022393,72.836118,4,21.15977775,,,,
185,"701, Bandra (East), Mumbai, Maharashtra 400050",19.021494,72.835245,17,21.29375386,,,,
186,"801, Bandra (East), Mumbai, Maharashtra 400050",19.020595,72.834372,13,21.42774882,,,,
187,"1001, Bandra (East), Mumbai, Maharashtra 400050",19.018797,72.832626,3,21.6957939,,,,
188,"11, Bandra (East), Mumbai, Maharashtra 400050",19.017898,72.831753,3,21.82984336,,,,
189,"12, Bandra (East), Mumbai, Maharashtra 400050",19.016999,72.83088,1,21.96391034,,,,
190,"13, Bandra (East), Mumbai, Maharashtra 400050",19.0161,72.830007,11,22.09799452,,,,
191,"14, Bandra (East), Mumbai, Maharashtra 400050",19.015201,72.829134,3,22.23209561,,,,
192,"15, Bandra (East), Mumbai, Maharashtra 400050",19.014302,72.828261,11,22.36621329,,,,
193,"16, Bandra (East), Mumbai, Maharashtra 400050",19.013403,72.827388,4,22.50034728,,,,
194,"17, Bandra (East), Mumbai, Maharashtra 400050",19.012504,72.826515,19,22.6344973,,,,
195,"18, Bandra (East), Mumbai, Maharashtra 400050",19.011605,72.825642,2,22.76866306,,,,
196,"19, Bandra (East), Mumbai, Maharashtra 400050",19.010706,72.824769,13,22.9028443,,,,
197,"20, Bandra (East), Mumbai Maharashtra 400050,",19.009807,72.823896,6,23.03704076,,,,
198,"101, Bandra (West), Mumbai, Maharashtra 400050",19.029326,72.842578,10,20.14319899,,,,
199,"201, Bandra (West), Mumbai, Maharashtra 400050",19.028427,72.841705,18,20.27704181,,,,
200,"301, Bandra (West), Mumbai, Maharashtra 400050",19.027528,72.840832,20,20.41090612,,,,
201,"401, Bandra (West), Mumbai, Maharashtra 400050",19.026629,72.839959,9,20.5447915,,,,
202,"501, Bandra (West), Mumbai, Maharashtra 400050",19.02573,72.839086,10,20.67869756,,,,
203,"601, Bandra (West), Mumbai, Maharashtra 400050",19.024831,72.838213,18,20.81262389,,,,
204,"701, Bandra (West), Mumbai, Maharashtra 400050",19.023932,72.83734,17,20.94657011,,,,
205,"801, Bandra (West), Mumbai, Maharashtra 400050",19.023033,72.836467,14,21.08053586,,,,
206,"1001, Bandra (West), Mumbai, Maharashtra 400050",19.021235,72.834721,10,21.34852448,,,,
207,"11, Bandra (West),
Mumbai, Maharashtra 400050",19.020336,72.833848,8,21.48254664,,,,
208,"12, Bandra (West),
Mumbai, Maharashtra 400050",19.019437,72.832975,4,21.61658694,,,,
209,"13, Bandra (West),
Mumbai, Maharashtra 400050",19.018538,72.832102,5,21.75064502,,,,
210,"14, Bandra (West),
Mumbai, Maharashtra 400050",19.017639,72.831229,2,21.88472057,,,,
211,"15, Bandra (West),
Mumbai, Maharashtra 400050",19.01674,72.830356,3,22.01881328,,,,
212,"16, Bandra (West),
Mumbai, Maharashtra 400050",19.015841,72.829483,13,22.15292285,,,,
213,"17, Bandra (West),
Mumbai, Maharashtra 400050",19.014942,72.82861,9,22.28704897,,,,
214,"18, Bandra (West),
Mumbai, Maharashtra",19.014043,72.827737,17,22.42119135,,,,
215,"400050
19, Bandra (West),Mumbai, Maharashtra 400050",19.013144,72.826864,15,22.55534972,,,,
216,"20, Bandra (West),
Mumbai, Maharashtra 400050",19.012245,72.825991,5,22.68952378,,,,
217,"101, Juhu, Mumbai,
Maharashtra 400049",19.071019,72.830725,2,17.38241774,,,,
218,"201, Juhu, Mumbai,
Maharashtra 400049",19.070136,72.829852,18,17.51643107,,,,
219,"301, Juhu, Mumbai,
Maharashtra 400049",19.069253,72.828979,20,17.65044682,,,,
220,"401, Juhu, Mumbai,
Maharashtra 400049",19.06837,72.828106,7,17.78446494,,,,
221,"501, Juhu, Mumbai,
Maharashtra 400049",19.067487,72.827233,4,17.91848537,,,,
222,"601, Juhu, Mumbai,
Maharashtra 400049",19.066604,72.82636,14,18.05250808,,,,
223,"701, Juhu, Mumbai,
Maharashtra 400049",19.065721,72.825487,11,18.18653302,,,,
224,"801, Juhu, Mumbai,
Maharashtra 400049",19.064838,72.824614,12,18.32056016,,,,
225,"901, Juhu, Mumbai,
Maharashtra 400049",19.063955,72.823741,8,18.45458944,,,,
226,"1001, Juhu, Mumbai,
Maharashtra 400049",19.063072,72.822868,8,18.58862083,,,,
227,"11, Juhu, Mumbai,",19.062189,72.821995,11,18.7226543,,,,
228,"12, Juhu, Mumbai,
Maharashtra 400049",19.061306,72.821122,1,18.8566898,,,,
229,"13, Juhu, Mumbai,
Maharashtra 400049",19.060423,72.820249,13,18.9907273,,,,
230,"14, Juhu, Mumbai,
Maharashtra 400049",19.05954,72.819376,5,19.12476676,,,,
231,"15, Juhu, Mumbai,
Maharashtra 400049",19.058657,72.818503,12,19.25880816,,,,
232,"16, Juhu, Mumbai,
Maharashtra 400049",19.057774,72.81763,7,19.39285144,,,,
233,"17, Juhu, Mumbai,
Maharashtra 400049",19.056891,72.816757,10,19.5268966,,,,
234,"18, Juhu, Mumbai,
Maharashtra 400049",19.056008,72.815884,11,19.66094358,,,,
235,"19, Juhu, Mumbai,
Maharashtra 400049",19.055125,72.815011,17,19.79499237,,,,
236,"20, Juhu, Mumbai,
Maharashtra 400049",19.054242,72.814138,11,19.92904293,,,,
237,"101, Kharghar, Navi Mumbai, Maharashtra 400705",19.063708,72.902226,14,13.83598618,,,,
238,"201, Kharghar, Navi Mumbai, Maharashtra 400705",19.062825,72.901353,6,13.96019381,,,,
239,"301, Kharghar, Navi Mumbai, Maharashtra 400705",19.061942,72.90048,5,14.08458374,,,,
240,"401, Kharghar, Navi Mumbai, Maharashtra 400705",19.061059,72.899607,13,14.2091512,,,,
241,"501, Kharghar, Navi Mumbai, Maharashtra 400705",19.060176,72.898734,18,14.33389157,,,,
242,"601, Kharghar, Navi Mumbai, Maharashtra 400705",19.059293,72.897861,1,14.45880037,,,,
243,"701, Kharghar, Navi Mumbai, Maharashtra 400705",19.05841,72.896988,9,14.5838733,,,,
244,"801, Kharghar, Navi Mumbai, Maharashtra 400705",19.057527,72.896115,8,14.70910616,,,,
245,"1001, Kharghar, Navi Mumbai, Maharashtra 400705",19.055761,72.894369,9,14.96003569,,,,
246,"11, Kharghar, Navi Mumbai, Maharashtra 400705",19.054878,72.893496,2,15.08572466,,,,
247,"12, Kharghar, Navi
Mumbai, Maharashtra 400705",19.053995,72.892623,12,15.21155816,,,,
248,"13, Kharghar, Navi
Mumbai, Maharashtra 400705",19.053112,72.89175,3,15.33753266,,,,
249,"14, Kharghar, Navi
Mumbai, Maharashtra 400705",19.052229,72.890877,10,15.4636447,,,,
250,"15, Kharghar, Navi
Mumbai, Maharashtra 400705",19.051346,72.889994,18,15.59031148,,,,
251,"16, Kharghar, Navi
Mumbai, Maharashtra 400705",19.050463,72.889121,3,15.71669152,,,,
252,"17, Kharghar, Navi
Mumbai, Maharashtra 400705",19.04958,72.888248,7,15.84319938,,,,
253,"18, Kharghar, Navi
Mumbai, Maharashtra 400705",19.048697,72.887375,1,15.96983204,,,,
254,"19, Kharghar, Navi
Mumbai, Maharashtra",19.047814,72.886502,9,16.09658655,,,,
255,"20, Kharghar, Navi
Mumbai, Maharashtra 400705",19.046931,72.885629,16,16.22346007,,,,
256,"901, Kharghar, Navi
Mumbai, Maharashtra",19.056644,72.895242,5,14.83449493,,,,
257,"101, Altamont Road, Malabar Hill, Mumbai, Maharashtra 400006",18.937661,72.820069,17,30.11707401,,,,
258,"21, Bhulabhai Desai Road, Nariman Point, Mumbai,
Maharashtra 400021",18.928039,72.824249,10,30.88142505,,,,
259,"33, Cuffe Parade, Colaba, Mumbai, Maharashtra 400001",18.924316,72.83078,2,30.97179321,,,,
260,"40, Dr. Annie Besant Road, Worli, Mumbai,
Maharashtra 400018",18.922982,72.827667,3,31.23980199,,,,
261,"50, Dadar Parsi Colony, Dadar, Mumbai,
Maharashtra 400014",18.916246,72.833969,10,31.66153997,,,,
262,"60, Dhobi Ghat,
Mahalaxmi, Mumbai, Maharashtra 400004",18.921976,72.829773,4,31.25160223,,,,
263,"70, Grant Road, Grant Road, Mumbai,
Maharashtra 400007",18.919914,72.831329,20,31.39563401,,,,
264,"80, Haji Ali Dargah, Haji Ali, Mumbai, Maharashtra 400001",18.925913,72.831726,15,30.76987468,,,,
265,"100, Linking Road, Bandra West, Mumbai,
Maharashtra 400050",18.962265,72.809799,13,28.25941485,,,,
266,"110, Mahim Causeway, Mahim, Mumbai,
Maharashtra 400016",18.920731,72.832397,16,31.26819198,,,,
267,"120, Marine Drive, Nariman Point, Mumbai,
Maharashtra 400021",18.927977,72.824341,12,30.88351279,,,,
268,"130, Napean Sea Road, Malabar Hill, Mumbai, Maharashtra 400006",18.937712,72.820026,5,30.11407903,,,,
269,"140, Pali Hill, Bandra West, Mumbai, Maharashtra 400050",18.962442,72.809662,11,28.25016208,,,,
270,"150, Peddar Road, Lower Parel, Mumbai,
Maharashtra 400013",18.925345,72.826538,17,31.05055979,,,,
271,"160, Princess Street, Dadar, Mumbai,
Maharashtra 400014",18.916331,72.833923,17,31.65470428,,,,
272,"170, R D Road, Dadar, Mumbai, Maharashtra 400014",18.916264,72.833997,10,31.65857014,,,,
273,"180, Sahar Road, Andheri East, Mumbai, Maharashtra",19.110535,72.831146,12,14.63462009,,,,
274,"400099
190, Sion Circle, Sion,Mumbai, Maharashtra 400022",18.923475,72.828186,19,31.16764887,,,,
275,"200, Tilak Road, Dadar, Mumbai, Maharashtra 400014",18.916322,72.833978,2,31.65340548,,,,
276,"90, Juhu Tara Road, Juhu,
Mumbai, Maharashtra",18.954588,72.81221,6,28.86158052,,,,
277,"1234567890, Juhu,
Mumbai, Maharashtra",19.076201,72.831497,14,16.92800986,,,,
278,"9876543210, Bandra,
Mumbai, Maharashtra",19.072499,72.825201,13,17.69275958,,,,
279,"0123456789, Andheri, Mumbai, Maharashtra",19.089798,72.836098,9,15.5665762,,,,
280,"8765432109, Goregaon, Mumbai, Maharashtra",19.0961,72.849402,17,14.05154122,,,,
281,"7654321098, Malad,
Mumbai, Maharashtra",19.1028,72.856602,11,12.99262071,,,,
282,"6543210987, Dadar,
Mumbai, Maharashtra",19.020699,72.844702,9,20.82426711,,,,
283,"5432109876, Parel,
Mumbai, Maharashtra",19.017,72.842003,11,21.32203352,,,,
284,"4321098765, Lower Parel, Mumbai, Maharashtra",19.0173,72.839802,18,21.41746941,,,,
285,"3210987654, Worli,
Mumbai, Maharashtra",19.0132,72.842003,18,21.68016786,,,,
286,"2109876543, Nariman Point, Mumbai,
Maharashtra",19.0124,72.8436,2,21.66917727,,,,
287,"1098765432, Colaba,
Mumbai, Maharashtra",18.962801,72.8307,15,27.12961131,,,,
288,"9876543210, Dadar Parsi Colony, Mumbai,
Maharashtra",19.020699,72.844702,19,20.82426711,,,,
289,"8765432109, Mahim,
Mumbai, Maharashtra",19.0413,72.839001,8,19.28054999,,,,
290,"7654321098, Sion,
Mumbai, Maharashtra",19.034499,72.837701,16,19.96733852,,,,
291,"6543210987, Ghatkopar, Mumbai, Maharashtra",19.0548,72.8396,4,18.06846,,,,
292,"5432109876, Bhandup, Mumbai, Maharashtra",19.0629,72.8367,18,17.59138128,,,,
293,"4321098765, Borivali, Mumbai, Maharashtra",19.1186,72.8631,7,11.35517275,,,,
294,"3210987654, Kandivili, Mumbai, Maharashtra",19.125301,72.873402,14,10.04340053,,,,
295,"2109876543, Malad West, Mumbai, Maharashtra",19.1028,72.856602,6,12.99262071,,,,
296,"1098765432, Goregaon East, Mumbai, Maharashtra",19.0961,72.849402,10,14.05154122,,,,
297,"111, Altamount Road, Malabar Hill, Mumbai, Maharashtra 400006",18.927976,72.834448,8,30.44606968,,,,
298,"22, Bhulabhai Desai Road, Nariman Point, Mumbai,
Maharashtra 400021",18.919537,72.842773,2,30.97823151,,,,
299,"33, Cuffe Parade, Colaba, Mumbai, Maharashtra 400001",18.911667,72.846944,4,31.63998509,,,,
300,"44, Dadar Parsi Colony, Dadar West, Mumbai, Maharashtra 400028",18.922028,72.829361,6,31.26380646,,,,
301,"55, Dr. Annie Besant Road, Worli, Mumbai,
Maharashtra 400018",18.921944,72.833333,9,31.10600265,,,,
302,"66, Grant Road, Mumbai, Maharashtra 400007",18.917778,72.833333,8,31.53078566,,,,
303,"77, Juhu Tara Road, Juhu, Mumbai, Maharashtra 400049",19.028333,72.841667,17,20.28790978,,,,
304,"88, Linking Road, Bandra West, Mumbai,
Maharashtra 400050",19.028333,72.841667,8,20.28790978,,,,
305,"99, Marine Drive, Nariman",18.919537,72.842773,12,30.97823151,,,,
306,"100, Pali Hill, Bandra West, Mumbai, Maharashtra 400050",19.028333,72.841667,6,20.28790978,,,,
307,"1111, Princess Street, Dadar East, Mumbai, Maharashtra 400014",18.922028,72.829361,12,31.26380646,,,,
308,"2222, Tilak Road, Dadar West, Mumbai,
Maharashtra 400028",18.922028,72.829361,13,31.26380646,,,,
309,"3333, Warden Road, Parel, Mumbai, Maharashtra 400013",18.919537,72.842773,13,30.97823151,,,,
310,"4444, S.V. Road, Andheri West, Mumbai,
Maharashtra 400053",19.016667,72.85,9,20.92091639,,,,
311,"5555, Western Express Highway, Goregaon East, Mumbai, Maharashtra 400062",19.033333,72.866667,5,18.45652904,,,,
312,"6666, Eastern Express
Highway, Ghatkopar East, Mumbai, Maharashtra 400077",19.05,72.875,13,16.41612638,,,,
313,"7777, LBS Marg, Sion, Mumbai, Maharashtra 400022",18.925,72.831944,15,30.85326686,,,,
314,"8888, Sion Trombay Link",18.933333,72.841667,5,29.60381977,,,,
315,"9999, Ghodbunder Road, Thane West, Thane,
Maharashtra 400604",19.016667,72.85,3,20.92091639,,,,
316,"101, Altamount Road, Malabar Hill, Mumbai, Maharashtra 400006",19.075342,72.851939,10,15.49557272,,,,
317,"21, Princess Street, Dadar, Mumbai, Maharashtra 400028",19.028671,72.844197,6,20.10934442,,,,
318,"111, Bhulabhai Desai Road, Nariman Point, Mumbai,
Maharashtra 400021",19.011594,72.831088,5,22.44730076,,,,
319,"33, Cumbala Hill Road, Cumbala Hill, Mumbai, Maharashtra 400037",19.063329,72.852834,18,16.45942017,,,,
320,"44, Peddar Road, Lower Parel, Mumbai,
Maharashtra 400013",19.014148,72.834355,2,22.02184823,,,,
321,"55, Nepean Sea Road, Worli, Mumbai,
Maharashtra 400018",19.035175,72.839522,7,19.79448918,,,,
322,"66, Warden Road, Santacruz East, Mumbai, Maharashtra 400055",19.064598,72.841483,11,17.11541666,,,,
323,"77, Azad Maidan, South Mumbai, Mumbai,
Maharashtra 400002",19.014743,72.832966,16,22.04757304,,,,
324,"99, Carter Road, Bandra West, Mumbai,
Maharashtra 400050",19.040746,72.833925,16,19.65467582,,,,
325,"100, Vile Parle (East), Mumbai, Maharashtra 400057",19.071684,72.849218,3,15.98884472,,,,
326,"111, Jogeshwari East, Mumbai, Maharashtra 400060",19.101891,72.859935,3,12.79995325,,,,
327,"122, Ghatkopar (East), Mumbai, Maharashtra 400077",19.129358,72.877228,17,9.451429567,,,,
328,"133, Bhandup (West), Mumbai, Maharashtra 400070",19.147794,72.884276,18,7.72831553,,,,
329,"144, Andheri (East), Mumbai, Maharashtra 400069",19.172665,72.896758,16,5.584342228,,,,
330,"155, Borivali (East), Mumbai, Maharashtra 400066",19.193342,72.903915,10,4.97353406,,,,
331,"166, Goregaon (East), Mumbai, Maharashtra 400062",19.210986,72.910647,16,5.279973477,,,,
332,"177, Malad (East), Mumbai, Maharashtra 400097",19.227005,72.915816,14,6.236546953,,,,
333,"88, Marine Drive, Nariman
Point, Mumbai,  400021",19.011261,72.830752,7,22.49758217,,,,
334,"188, Kandivili (East), Mumbai, Maharashtra
400067",19.240189,72.92012,14,7.286344161,,,,
335,"101, Altamount Road, Malabar Hill, Mumbai, Maharashtra 400006",19.015077,72.845891,3,21.2911737,,,,
336,"20, Bhulabhai Desai Road, Nariman Point, Mumbai,
Maharashtra 400021",18.999715,72.843246,16,22.904209,,,,
337,"30, Cuffe Parade, Colaba, Mumbai, Maharashtra 400001",18.999027,72.841353,15,23.06813882,,,,
338,"40, Nepean Sea Road, Malabar Hill, Mumbai, Maharashtra 400006",19.015387,72.846778,19,21.21409267,,,,
339,"50, Peddar Road, South Mumbai, Mumbai,
Maharashtra 400026",19.001688,72.839832,3,22.89219321,,,,
340,"60, Princess Street, Dadar, Mumbai, Maharashtra 400014",19.010465,72.833613,19,22.40612335,,,,
341,"70, Warden Road, Parel, Mumbai, Maharashtra 400012",19.008165,72.835968,15,22.48808448,,,,
342,"80, Worli Seaface, Worli, Mumbai, Maharashtra 400025",19.006887,72.842553,13,22.25071876,,,,
343,"100, Carter Road, Bandra West, Mumbai,
Maharashtra 400050",19.003164,72.834072,2,23.06369652,,,,
344,"110, Juhu Tara Road, Juhu, Mumbai, Maharashtra 400049",19.000483,72.830744,5,23.5006837,,,,
345,"120, SV Road, Andheri West, Mumbai,
Maharashtra 400053",19.012175,72.824133,5,22.80815644,,,,
346,"130, Linking Road, Bandra West, Mumbai,
Maharashtra 400050",19.00287,72.834433,6,23.07148688,,,,
347,"140, Hill Road, Bandra West, Mumbai,
Maharashtra 400050",19.002671,72.833973,18,23.11562101,,,,
348,"150, Pali Hill, Bandra West, Mumbai, Maharashtra 400050",19.001959,72.833315,11,23.21906483,,,,
349,"160, Khar Danda Road, Khar West, Mumbai,
Maharashtra 400052",19.000848,72.830998,13,23.45224773,,,,
350,"170, Carter Road, Bandra West, Mumbai,
Maharashtra 400050",19.003164,72.834072,7,23.06369652,,,,
351,"180, Worli Seaface, Worli, Mumbai, Maharashtra",19.006887,72.842553,3,22.25071876,,,,
352,"400025
190, Bandra Reclamation,Bandra West, Mumbai, Maharashtra 400050",19.003036,72.834937,8,23.02808801,,,,
353,"200, Carter Road, Bandra West, Mumbai,
Maharashtra 400050",19.003164,72.834072,8,23.06369652,,,,
354,"90, Bandra Reclamation,
Bandra West, Mumbai, 400050",19.003036,72.834937,14,23.02808801,,,,
355,"111, Altamount Road, Cumbala Hill, Mumbai, Maharashtra 400006",19.029572,72.833769,14,20.65186105,,,,
356,"22, Bhulabhai Desai Road, Nariman Point, Mumbai,
Maharashtra 400021",19.01351,72.831558,9,22.24340546,,,,
357,"33, Cuffe Parade, Colaba, Mumbai, Maharashtra 400005",18.999648,72.826172,19,23.83699659,,,,
358,"44, Nepean Sea Road, Malabar Hill, Mumbai, Maharashtra 400006",19.025234,72.837227,9,20.83421836,,,,
359,"55, Peddar Road, South Mumbai, Mumbai,
Maharashtra 400007",19.020932,72.834572,8,21.38506824,,,,
360,"66, Azad Maidan, Dadar, Mumbai, Maharashtra 400023",18.987703,72.829132,17,24.79751276,,,,
361,"77, Dadar Parsi Colony, Dadar, Mumbai,
Maharashtra 400023",18.987136,72.828156,2,24.90393333,,,,
362,"88, Worli Seaface, Worli, Mumbai, Maharashtra 400018",19.011312,72.830231,14,22.5233137,,,,
363,"101, Bandra Reclamation, Bandra West, Mumbai,
Maharashtra 400050",19.039878,72.835983,5,19.59798175,,,,
364,"112, Linking Road, Bandra West, Mumbai,
Maharashtra 400050",19.040556,72.835587,16,19.56386968,,,,
365,"123, Carter Road, Bandra West, Mumbai,
Maharashtra 400050",19.041489,72.834686,7,19.54053063,,,,
366,"134, Hill Road, Bandra West, Mumbai,
Maharashtra 400050",19.042791,72.833374,16,19.51318899,,,,
367,"145, Pali Hill, Bandra West, Mumbai, Maharashtra 400050",19.043857,72.832477,14,19.48053396,,,,
368,"156, Juhu Tara Road, Juhu, Mumbai, Maharashtra 400049",19.047375,72.830078,16,19.34240488,,,,
369,"167, Juhu Scheme 51, Juhu, Mumbai,
Maharashtra 400049",19.048004,72.829376,17,19.33750154,,,,
370,"178, SV Road, Andheri West, Mumbai,
Maharashtra 400053",19.051666,72.82666,10,19.22244889,,,,
371,"189, Lokhandwala
Complex, Andheri West,",19.054443,72.824896,15,19.12201198,,,,
372,"99, Marine Drive, Nariman
Point, Mumbai, Maharashtra 400021",19.01351,72.831558,17,22.24340546,,,,
373,"14, Nepean Sea Road, Malabar Hill, Mumbai, Maharashtra 400006",18.92911,72.83127,18,30.46564564,,,,
374,"23, Bhulabhai Desai Road, Nariman Point, Mumbai,
Maharashtra 400021",18.92259,72.83582,4,30.93829305,,,,
375,"11, Princess Street, Fort, Mumbai, Maharashtra 400001",18.92601,72.83228,2,30.73664413,,,,
376,"40, Warden Road, Parel, Mumbai, Maharashtra 400013",18.92165,72.83566,2,31.04080766,,,,
377,"16, Peddar Road, Lower Parel, Mumbai,
Maharashtra 400013",18.92075,72.83489,4,31.16399114,,,,
378,"24, Hill Road, Bandra West, Mumbai, Maharashtra 400050",18.91458,72.8404,4,31.58020342,,,,
379,"10, Carter Road, Bandra West, Mumbai,
Maharashtra 400050",18.91467,72.84108,18,31.5450203,,,,
380,"28, Worli Seaface, Worli, Mumbai, Maharashtra 400018",18.92533,72.83932,12,30.51712644,,,,
381,"26, Cumbala Hill Road, Cumbala Hill, Mumbai, Maharashtra 400072",18.91762,72.83897,13,31.32227054,,,,
382,"7, Azad Maidan, South Mumbai, Mumbai,
Maharashtra 400002",18.92462,72.83357,7,30.82383716,,,,
383,"12, Chowpatty, Colaba, Mumbai, Maharashtra 400001",18.92483,72.83164,11,30.88332497,,,,
384,"10, Marine Drive, Nariman Point, Mumbai,
Maharashtra 400021",18.9227,72.836,5,30.9197512,,,,
385,"23, Marine Drive, Nariman Point, Mumbai,
Maharashtra 400021",18.9227,72.836,15,30.9197512,,,,
386,"33, Marine Drive, Nariman Point, Mumbai,
Maharashtra 400021",18.9227,72.836,18,30.9197512,,,,
387,"43, Marine Drive, Nariman Point, Mumbai,
Maharashtra 400021",18.9227,72.836,20,30.9197512,,,,
388,"53, Marine Drive, Nariman Point, Mumbai,
Maharashtra 400021",18.9227,72.836,5,30.9197512,,,,
389,"63, Marine Drive, Nariman Point, Mumbai,",18.9227,72.836,19,30.9197512,,,,
390,"Maharashtra 400021
1, Dadar Chowpatty, Dadar West, Mumbai,
Maharashtra 400028",18.92401,72.83209,12,30.94761902,,,,
391,"101, Peddar Road, Lower Parel, Mumbai,
Maharashtra 400013",18.92075,72.83489,15,31.16399114,,,,
392,"10, Linking Road, Bandra West, Mumbai,
Maharashtra 400050",18.91452,72.84058,4,31.57952766,,,,
393,"101, Dr. Annie Besant Road, Worli, Mumbai, Maharashtra 400018",18.951551,72.842622,16,27.71011518,,,,
394,"1, Altamount Road,
Cumbala Hill, Mumbai, Maharashtra 400026",18.920739,72.817837,10,31.90122117,,,,
395,"21, Bhulabhai Desai Road, Nariman Point, Mumbai,
Maharashtra 400021",18.921448,72.821254,2,31.67589977,,,,
396,"30, Cuffe Parade, Mumbai, Maharashtra 400005",18.919585,72.823274,2,31.7733993,,,,
397,"40, New Marine Lines, Mumbai, Maharashtra 400020",18.920857,72.822345,18,31.68656195,,,,
398,"50, Dadar Chowpatty, Dadar West, Mumbai, Maharashtra 400028",18.924933,72.826788,12,31.08112685,,,,
399,"60, Juhu Tara Road, Juhu, Mumbai, Maharashtra 400049",19.01802,72.825079,5,22.22410635,,,,
400,"70, Bandra Reclamation, Bandra West, Mumbai, Maharashtra 400050",19.022464,72.824616,1,21.85713535,,,,
401,"80, Pali Hill, Bandra West,",19.023805,72.82442,7,21.75096566,,,,
402,"90, Carter Road, Bandra West, Mumbai,
Maharashtra 400050",19.025044,72.824204,11,21.65556166,,,,
403,"100, Hill Road, Bandra West, Mumbai,
Maharashtra 400050",18.961987,72.829394,3,27.27295586,,,,
404,"110, Linking Road, Bandra West, Mumbai,
Maharashtra 400050",18.962116,72.829161,13,27.27164636,,,,
405,"120, Carter Road, Bandra West, Mumbai,
Maharashtra 400050",18.963148,72.828439,17,27.20586699,,,,
406,"130, Pali Hill, Bandra West, Mumbai, Maharashtra 400050",18.963623,72.828018,17,27.18014878,,,,
407,"140, Khar Danda, Khar West, Mumbai,
Maharashtra 400052",18.965471,72.826261,11,27.08750412,,,,
408,"150, Santacruz East, Mumbai, Maharashtra 400055",19,72.827822,19,23.71028142,,,,
409,"160, Goregaon East, Mumbai, Maharashtra 400062",19.006119,72.823813,10,23.37794653,,,,
410,"170, Andheri East, Mumbai, Maharashtra 400069",19.024441,72.819606,7,22.00518718,,,,
411,"180, Jogeshwari East, Mumbai, Maharashtra 400060",19.0175,72.822263,19,22.44580344,,,,
412,"22, Bhulabhai Desai Road, Nariman Point, Mumbai,
Maharashtra 400021",18.957352,72.832779,7,27.56876177,,,,
413,"33, New Marine Lines, Mumbai, Maharashtra 400020",18.959604,72.828697,12,27.54086167,,,,
414,"40, Cuffe Parade, Mumbai, Maharashtra 400005",18.965061,72.825502,10,27.16558652,,,,
415,"50, Peddar Road, Lower Parel, Mumbai,
Maharashtra 400013",18.955816,72.832131,10,27.75140812,,,,
416,"60, Dadar Parsi Colony, Dadar West, Mumbai, Maharashtra 400028",18.954367,72.833613,17,27.82668039,,,,
417,"70, Worli Seaface, Worli, Mumbai, Maharashtra 400018",18.965883,72.82422,4,27.15086687,,,,
418,"80, Bandra Reclamation, Bandra West, Mumbai, Maharashtra 400050",18.961117,72.829683,18,27.34438843,,,,
419,"90, Juhu Tara Road, Juhu,",19.003998,72.820831,3,23.74926625,,,,
420,"101, Altamount Road, Cumbala Hill, Mumbai, Maharashtra 400004",18.964379,72.824606,1,27.27709246,,,,
421,"101, Worli Seaface, Worli, Mumbai, Maharashtra 400018",18.966671,72.833337,14,26.62157536,,,,
422,"405, Altamount Road, Malabar Hill, Mumbai, Maharashtra 400006",18.922221,72.822223,12,31.555122,,,,
423,"34, Cuffe Parade, Colaba, Mumbai, Maharashtra 400005",18.916668,72.841675,10,31.31614269,,,,
424,"19, Bhulabhai Desai Road, Nariman Point, Mumbai,
Maharashtra 400021",18.922221,72.822223,9,31.555122,,,,
425,"160, DN Road, Fort, Mumbai, Maharashtra 400001",18.922221,72.822223,8,31.555122,,,,
426,"23, Cumbala Hill Road, Cumbala Hill, Mumbai, Maharashtra 400007",18.927779,72.830566,2,30.63040557,,,,
427,"12, Nepean Sea Road, Malabar Hill, Mumbai, Maharashtra 400006",18.922221,72.822223,6,31.555122,,,,
428,"21, Peddar Road, South Mumbai, Mumbai,
Maharashtra 400026",18.916668,72.841675,18,31.31614269,,,,
429,"10, Carmichael Road, South Mumbai, Mumbai, Maharashtra 400026",18.916668,72.841675,5,31.31614269,,,,
430,"20, Bhulabhai Desai Road, Nariman Point, Mumbai,
Maharashtra 400021",18.922221,72.822223,11,31.555122,,,,
431,"26, Hill Road, Bandra West, Mumbai, Maharashtra 400050",18.944443,72.827779,12,29.0833449,,,,
432,"10, Nepean Sea Road, Malabar Hill, Mumbai, Maharashtra 400006",18.922221,72.822223,13,31.555122,,,,
433,"11, Carmichael Road, South Mumbai, Mumbai, Maharashtra 400026",18.916668,72.841675,13,31.31614269,,,,
434,"12, Merewether Road, Malabar Hill, Mumbai, Maharashtra 400006",18.922221,72.822223,7,31.555122,,,,
435,"13, Peddar Road, South Mumbai, Mumbai,
Maharashtra 400026",18.916668,72.841675,12,31.31614269,,,,
436,"22, Hill Road, Bandra West, Mumbai, Maharashtra 400050",18.944443,72.827779,18,29.0833449,,,,
437,"23, Merewether Road,
Malabar Hill, Mumbai,Maharashtra 400006",18.922221,72.822223,7,31.555122,,,,
438,"191, Altamount Road, Malabar Hill, Mumbai, Maharashtra 400006",19.019084,72.841315,3,21.16535277,,,,
439,"123, Marine Drive, Nariman Point, Mumbai,
Maharashtra 400021",18.998838,72.824194,4,24.02569528,,,,
440,"456, Peddar Road, South Mumbai, Mumbai,
Maharashtra 400007",19.008592,72.8256,13,23.04578155,,,,
441,"789, Juhu Tara Road, Juhu, Mumbai, Maharashtra 400049",19.033142,72.829183,20,20.62546098,,,,
442,"1010, Bandra Kurla
Complex, Bandra East, Mumbai, Maharashtra 400051",19.029412,72.842029,15,20.16754281,,,,
443,"1111, Andheri Kurla Road, Andheri East, Mumbai,
Maharashtra 400059",19.052036,72.828227,16,19.08169568,,,,
444,"1212, Goregaon East, Mumbai, Maharashtra 400062",19.102703,72.832782,6,14.97009644,,,,
445,"1313, Jogeshwari East, Mumbai, Maharashtra 400060",19.087992,72.846035,20,14.91917132,,,,
446,"1515, Vikhroli East,
Mumbai, Maharashtra 400079",19.125354,72.862909,6,10.93722877,,,,
447,"1616, Chembur East, Mumbai, Maharashtra 400071",19.138305,72.871287,10,9.431875639,,,,
448,"1717, Dadar East, Mumbai, Maharashtra 400014",19.010834,72.834178,19,22.33955175,,,,
449,"1818, Mahim East,
Mumbai, Maharashtra 400016",19.005174,72.837835,19,22.66737194,,,,
450,"1919, Worli East, Mumbai, Maharashtra 400018",19.000449,72.84153,9,22.92200137,,,,
451,"2020, Sion East, Mumbai, Maharashtra 400022",19.004161,72.831458,5,23.11613877,,,,
452,"1414, Ghatkopar East,
Mumbai, Maharashtra",19.111668,72.853766,3,12.60136568,,,,
453,"211, Altamount Road, Malabar Hill, Mumbai, Maharashtra 400006",18.930045,72.8221,16,30.77829509,,,,
454,"24, Bhulabhai Desai Road, Nariman Point, Mumbai,
Maharashtra 400021",18.92254,72.82435,1,31.42885113,,,,
455,"30, Cuffe Parade, Colaba, Mumbai, Maharashtra 400005",18.917265,72.83057,4,31.69662437,,,,
456,"40, Nepean Sea Road, Malabar Hill, Mumbai, Maharashtra 400006",18.931095,72.82133,4,30.70908838,,,,
457,"50, Peddar Road, South Mumbai, Mumbai,
Maharashtra 400007",18.92191,72.82649,11,31.39887678,,,,
458,"60, Cumbala Hill Road, Cumbala Hill, Mumbai, Maharashtra 400007",18.92508,72.8237,12,31.20254794,,,,
459,"70, Azad Maidan, Dadar, Mumbai, Maharashtra 400023",18.911725,72.82846,4,32.3478608,,,,
460,"80, Worli Seaface, Worli, Mumbai, Maharashtra 400018",18.93607,72.82494,14,30.047648,,,,
461,"100, Dadar Parsi Colony, Dadar, Mumbai,
Maharashtra 400023",18.91167,72.8285,6,32.35180601,,,,
462,"110, Juhu Tara Road, Juhu, Mumbai, Maharashtra 400049",18.951905,72.81501,19,28.97447457,,,,
463,"120, Bandra Reclamation, Bandra West, Mumbai,
Maharashtra 400050",18.957865,72.81342,4,28.48375236,,,,
464,"130, Carter Road, Bandra West, Mumbai,
Maharashtra 400050",18.95715,72.81313,5,28.56754595,,,,
465,"140, Pali Hill, Bandra West, Mumbai, Maharashtra 400050",18.958305,72.81269,19,28.48030992,,,,
466,"150, Hill Road, Bandra West, Mumbai,
Maharashtra 400050",18.958975,72.81232,10,28.4359987,,,,
467,"160, Khar Danda, Khar West, Mumbai,
Maharashtra 400052",18.96138,72.81145,17,28.25363709,,,,
468,"170, Santacruz East, Santacruz East, Mumbai, Maharashtra 400055",18.969175,72.80794,7,27.71289365,,,,
469,"180, Andheri East, Andheri East, Mumbai, Maharashtra",19.000115,72.80133,14,25.31147306,,,,
470,"400069
190, Goregaon East,Goregaon East, Mumbai, Maharashtra 400062",19.01259,72.79535,1,24.64571829,,,,
471,"200, Borivali East, Borivali East, Mumbai, Maharashtra 400066",19.02301,72.7905,13,24.13812571,,,,
472,"90, Marine Drive, Nariman
Point, Mumbai, ",18.92252,72.82437,4,31.42998216,,,,
473,"147, Hill Road, Bandra West, Mumbai,
Maharashtra 400050",19.020635,72.842792,7,20.93709494,,,,
474,"21, Princess Street, Dadar, Mumbai, Maharashtra 400028",19.010954,72.829285,12,22.61168318,,,,
475,"205, Worli Seaface, Worli, Mumbai, Maharashtra 400018",18.998749,72.839996,2,23.16545841,,,,
476,"101, Altamount Road, Cumbala Hill, Mumbai, Maharashtra 400049",19.024894,72.84259,10,20.55182834,,,,
477,"23, Bhulabhai Desai Road, Nariman Point, Mumbai,
Maharashtra 400021",18.999686,72.831726,4,23.52104387,,,,
478,"1, Nariman Point, Mumbai, Maharashtra 400021",18.999686,72.831726,6,23.52104387,,,,
479,"33, Cuffe Parade, Colaba, Mumbai, Maharashtra 400005",19.002344,72.83374,7,23.15930609,,,,
480,"1, Backbay Reclamation, Nariman Point, Mumbai, Maharashtra 400021",18.999686,72.831726,19,23.52104387,,,,
481,"10, Nepean Sea Road,",19.007138,72.837341,8,22.50868351,,,,
482,"101, Peddar Road, Breach Candy, Mumbai,
Maharashtra 400026",19.004907,72.835327,12,22.83011684,,,,
483,"21, Cumbala Hill, Mumbai, Maharashtra 400049",19.024894,72.84259,6,20.55182834,,,,
484,"16, Nepean Sea Road, Malabar Hill, Mumbai, Maharashtra 400006",19.007138,72.837341,15,22.50868351,,,,
485,"201, Worli Seaface, Worli, Mumbai, Maharashtra 400018",18.998749,72.839996,11,23.16545841,,,,
486,"10, Carmichael Road, Cumbala Hill, Mumbai, Maharashtra 400049",19.024894,72.84259,9,20.55182834,,,,
487,"30, Bhulabhai Desai Road, Nariman Point, Mumbai,
Maharashtra 400021",18.999686,72.831726,17,23.52104387,,,,
488,"11, Peddar Road, Breach Candy, Mumbai,
Maharashtra 400026",19.004907,72.835327,11,22.83011684,,,,
489,"23, Napean Sea Road, Malabar Hill, Mumbai, Maharashtra 400006",19.007138,72.837341,14,22.50868351,,,,
490,"12, Hill Road, Bandra West, Mumbai, Maharashtra 400050",19.020635,72.842792,6,20.93709494,,,,
491,"22, Princess Street, Dadar,
Mumbai, Maharashtra 400028",19.010954,72.829285,6,22.611683,,,,
